id,price
15462,1113053.0319940476
11766,870970.0520833334
9160,900465.7254464285
53004,1891596.923828125
10998,383190.2962239584
2222,690839.765625
12996,2043164.4616518652
5969,627389.3229166666
7911,2224539.4345238097
14500,2169863.823094165
1100,3433059.8958333335
6628,3766260.5911458335
12449,1756406.1513573227
14220,2233742.8125
3280,1625123.7502127048
39809,546272.2656249999
5456,1274466.4148555691
12135,5884030.078125
12102,1112092.4479166665
3104,4988027.119791666
7371,2956210.9375
1122,1750882.5520833335
3513,1222152.2109221814
848,3590323.8312184345
13149,1915846.724972097
3355,734307.86328125
1639,758923.5231547522
9773,1359924.55859375
53808,2888786.3515625
2993,3907115.5133928577
12230,4087705.3285256405
15026,2333203.125
53753,376410.6212797619
16090,2585053.125
5526,2248962.40625
8508,1507064.0625
10311,1397950.6536458335
12545,2481577.4151785714
11619,3909579.692708333
13734,4633671.254960318
2479,1618126.6741071432
7657,1522354.5014880954
11380,630833.6666666666
13607,4494047.619047619
32999,3379782.765625
1548,3787734.4296875
4925,1756646.6703869046
15292,3623014.6946614585
8090,1282809.4177740666
11484,1992963.7369791665
5258,1083495.2256944445
13659,1637586.3904947918
14339,3042825.4313327335
15596,2827094.029017857
14260,1836960.4192708335
5367,1844860.035342262
10034,1551073.015625
31470,1453078.125
11020,2651862.699094741
3538,1048531.1139294737
7133,2470919.8315238897
13634,17376.32406655844
611,2105067.5677083335
11613,2787868.75
14515,708501.0446428572
6118,3601171.875
53653,468697.0145089286
2249,908710.3385416666
4115,1507191.309151786
32530,4459982.9055059515
14143,4725428.476224297
8231,2731714.921875
10575,1132235.125
8075,2812377.883184524
1095,2592628.424148424
9457,1224844.880952381
10680,5748502.609375
12775,6958481.770833335
53035,566574.8255208333
31289,1883540.9375
1368,782782.0572916666
13393,1161568.736737744
11651,3018466.6666666665
7235,2676923.945064484
8007,2501650.546875
53933,508464.84375
6633,1442499.3854166665
861,1703933.314341908
8172,1498424.53125
51738,243007.44047619047
14706,912525.9973958333
11915,3724381.6964285714
9535,806508.9285714286
1725,1556261.5265376985
53393,1334055.2995667015
2913,3541718.59375
2472,2315278.84375
11747,1754241.9084821427
13859,744974.4921875
52756,390279.9479166667
10134,2909192.398313491
11354,1847333.7492187498
5930,2628295.5859375
12975,2284906.6127232146
6874,1915846.724972097
10236,2470919.8315238897
2740,1410026.3129464288
15331,1273945.2194940476
1407,647953.125
10892,697551.8973214286
8574,2345904.0178571427
16441,2236807.161458333
13322,1788113.337301587
42665,2827094.029017857
15583,1157213.3697916667
14487,573241.331845238
3433,2925273.6066017314
7818,1133590.9598214286
6699,2913013.523065476
11356,1456300.812251984
31657,1886138.6546396315
6204,1979370.6597222222
8333,2960053.2921875
11580,4631933.836399429
9081,1447935.546875
9553,1300000.0
4782,2116683.328125
31202,1169855.6202400222
12510,2803256.546875
41320,1419301.8973214284
6781,3972923.671875
13306,1580238.5825892857
13126,2128333.6351690846
13298,4598770.8203125
13218,1587574.7265625
31564,2328949.9375
9365,1843713.365234375
978,1305516.4591650688
2044,1548167.3041801949
1085,2248821.6145833335
9443,1498099.8541666667
8225,1900889.3601190476
1549,2296481.953125
4754,3192024.4729144126
3710,1219362.6428909625
53091,268992.0944940476
11295,1442187.5
13351,2201899.4295634925
2407,6868479.774925594
10759,1249188.6904761903
8580,3857895.058283731
11270,2470919.8315238897
13950,2312680.247395833
6311,798444.4444444444
1626,1227325.2418154762
2593,2470919.8315238897
14003,1737401.9315840406
54092,393311.94196428574
52835,747494.53125
5033,870578.4155620444
7210,5238606.770833334
5447,1542983.6484375
10682,1620762.921875
15586,1919483.519570707
32979,802363.1747159091
4117,3020433.9528364423
1105,1703445.625
11971,1996636.5513392857
4459,2535887.8945684526
4597,1530662.6319643895
5600,2048731.4453125
2480,3317910.15625
32014,1822815.0568181816
32266,3075194.5859375005
16556,1852884.453125
7037,1595375.3127170138
15560,848757.667443348
2329,1498821.6484375
8675,2786023.1119791674
51586,939500.2578125
1299,5138353.236328125
53734,964401.2812274531
12193,4781161.299479167
4703,3203225.0376302083
51399,880314.234375
2310,258870.44270833334
31489,1332568.3806211147
11631,2558438.9648437495
12884,2557056.6614583326
11695,2490421.8750000005
16561,2934420.796875
5415,2166439.921875
5174,2210015.5
14505,3724381.6964285714
4369,2085571.6145833335
54291,725691.6666666667
9359,2923685.9453125
3259,1253849.9021239176
12058,3798601.283854167
51565,302432.865203373
9606,3077482.7008928577
942,2147427.4631696427
12317,1010138.0208333334
15362,1434094.8567708335
5346,2036710.0012400793
10322,3813672.395833333
2255,1265397.203125
7035,1269762.0755208333
8990,1812756.984375
4758,1146013.5018031653
2576,1597560.6355650004
7129,3346329.910714286
3375,3539230.3488727743
9865,2291734.3828125
2489,3250099.9366518897
5616,2435471.7287660255
11681,1793923.0707775296
6354,1322711.5885416667
12437,4818175.195594335
53814,1527216.7578125
11241,4282338.4765625
15198,3287929.766145833
13167,1836457.0847988818
11371,2522811.71875
53807,460357.47776442306
15204,2838679.6875
14901,2751455.3697916665
3774,1719487.790204587
1385,3781551.2427083333
15580,189225.2604166667
11832,1774443.359375
4127,4420757.8125
7631,6233896.94940476
15487,1950947.3360840552
10785,1743945.3125
32845,19167.719494047615
3106,2402152.2526041665
9021,870578.4155620444
10833,843693.8578869047
14146,2284886.8828125
5199,1424027.0096190704
346,2174786.9709821427
1467,1615629.140625
2933,938412.2395833334
16734,1394838.8488681456
2170,1135981.6484375002
11180,745388.1536458334
40408,1217513.5203598486
1878,3250099.9366518897
52858,769553.3203125
14953,1914493.5150049606
449,289340.4947916666
15476,1105182.0078125
4380,1855512.9817708335
11715,13093963.0078125
54298,1064633.203125
53006,1875083.9192708335
12304,835149.923611111
13684,1031447.5446428572
5254,3667165.1199810603
10477,2266590.5729166665
7546,2678199.898189586
31749,1844779.7064393938
15226,1663215.4116499817
3341,5249732.888520701
5099,572130.5859375
11655,902728.517361111
13949,4633671.254960318
53184,1551056.9114583333
4928,1621502.9761904764
4465,3283939.261476372
2326,1587895.78125
1191,1589331.2910099016
13452,1756625.2566964286
14480,412381.23139880947
5949,2607398.5156250005
12020,2758679.6875
33185,1871520.921875
13285,2003424.1822916667
11056,4938546.875
53540,4641103.90625
4679,2044434.151785714
8146,1866132.5049293158
8140,2302451.4192708335
12342,670660.15625
53829,380777.72597824037
31394,1798875.8060515877
3863,2423209.8575036074
12697,3164528.6303385417
1337,1111489.0703125
3455,1258613.6346726192
2581,1915774.8359375
2038,1442413.699810606
31919,1186500.4836309524
10999,618561.8754509379
14045,1887253.1276041667
8476,1100707.26171875
2160,1426783.8541666667
4202,1720407.8311011903
15433,1224459.9827256943
12239,1097602.3177083333
12051,2063411.6732616343
12419,1298799.4791666665
32996,1703933.314341908
13732,4138174.9427083335
14226,960171.875
10995,4142424.0885416665
13799,3583067.283653846
3963,2928845.890625
343,339874.77301344497
15401,398095.0078125
15151,1803421.875
11965,2727072.721526469
348,2886068.619791667
10504,1314229.6502976194
35,1312919.350207705
53923,369734.48988970584
53732,2815213.541666667
5947,1458821.6145833335
1348,368013.671875
15043,996103.3985615079
1503,2798468.3450520835
2164,554492.84375
15162,2284906.6127232146
15459,1146013.5018031653
440,1146013.5018031653
13001,2206548.6897321427
10152,2216571.59375
8164,6233896.94940476
14242,1697399.5833333333
13042,3101608.7239583335
2321,823507.9861111111
15740,7400000.0
8307,2380227.2093141233
53995,2015189.546875
12199,1059510.3479166667
13969,1984822.1354166667
12275,3400738.988058036
53727,3452890.6328125
1657,1099350.0
9547,1374833.3333333333
4493,1563793.1794156365
14503,1678949.3722679694
12094,1682896.7436981422
31839,2852412.5
4497,4009264.65625
32452,959494.9739583334
7743,1161568.736737744
15505,2711719.3016210706
2981,1881553.0468750002
33341,1513314.232105655
14528,2405342.885416667
33197,3048273.4791666665
2735,1747723.1080729167
4472,1494179.6875
37845,1176984.9067943394
12429,1263229.7878382034
4831,3675677.070950623
3508,1950947.3360840552
11320,2263140.0063688285
15503,833554.796875
6968,968391.6666666667
1306,1662894.921875
8915,2463167.1875
5029,1411878.6171875
7462,1803421.875
14550,3661792.799302651
542,1825015.8344494049
5518,1756034.371922756
32994,1245789.6902901786
11255,4540816.5088383835
6891,2365239.333333333
5765,635559.375
39515,2043164.4616518652
4468,1553807.453125
2752,5503805.989583334
10924,1961086.8256696432
14670,1768169.265625
31649,1653303.7812500002
5881,1761919.6148686379
7058,3614484.1640625
2061,3482160.6336805555
51595,1591205.3984375
13864,1599989.5833333333
15821,3259622.3958333335
12725,1663215.4116499817
14978,1635056.5011160718
292,1084027.0741899593
54264,299166.4496527778
4533,1068614.1796875
6958,2043164.4616518652
6520,1243567.7083333333
11896,2257885.4895833335
11707,2071735.4166666665
1320,1634467.8046875
14427,2697877.644047619
13068,2077451.3671875
14573,914113.28125
2555,1834864.4270833335
3521,7400000.0
5613,709642.3510416666
4269,759272.65625
53487,284391.07643816166
9085,2420878.471354167
13363,348585.3484623016
53643,369734.48988970584
53646,368013.671875
16370,2807775.072150072
31457,3001791.6666666665
14537,284391.07643816166
5010,2091292.7864583333
12257,5249732.888520701
10746,5221234.375
39253,4187766.3125
1586,2791880.5223214286
5028,1954276.8645833333
37504,910255.2083333334
425,1668355.7291666665
5022,2151549.708333333
2415,2334032.123286206
53382,2647083.3333333335
5879,4766606.826636905
15390,4464094.512908965
12144,7485599.330357143
4596,2723077.8782894737
7999,1530662.6319643895
33344,2702231.259548611
13164,1987492.506256764
11824,2185376.953125
8336,1900889.3601190476
1470,3034118.5308398204
51564,494973.9583333333
8844,1274595.703125
12535,2543851.3392857146
6278,2550192.057291667
11942,1880839.6763392857
13075,1470822.544642857
14312,2336257.944444444
7545,988185.921875
11283,1915846.724972097
31558,2638193.355654762
15569,2518624.9244791665
15396,5282487.5
10930,2117577.5526280706
6902,2043164.4616518652
14783,3145718.936011905
12482,2273774.5313225617
51511,2882157.6328125
54175,401420.2526041666
8920,2469568.14391121
13116,1236756.541180174
8002,1883088.5416666667
12386,4087705.3285256405
4199,2014748.4375000002
11994,2308480.46875
10871,3864128.90625
8233,1186424.8581730772
6366,3842813.1526537696
11722,822707.3567708334
41931,1655446.1295572915
5595,2054873.8515625
14258,771567.3363095238
14860,339874.77301344497
12571,1041246.061769006
11754,2623692.7083333335
53208,2918284.4665178573
1489,3719506.8669394837
10861,4163604.6874999995
6634,288612.5558035714
14306,1330257.254464286
12194,4909901.140625
15522,2344213.96875
9463,1186500.4836309524
52935,4811228.385416667
11907,2250635.026041667
53111,1030708.984375
3522,2334032.123286206
7739,307594.3844853829
11637,1500447.7708333333
13370,904557.8958333334
353,2461256.5085565476
3284,4209992.558854167
13984,5201930.147058824
5337,2748986.85515873
781,2099557.3586859023
13238,733716.2046130953
10141,1428725.2604166667
3350,1493664.941220238
5106,1996628.6004464286
506,2771430.5317167207
3519,2043164.4616518652
15840,690839.765625
9878,1212893.2016369046
121,1300011.261216518
54284,215807.2890625
13275,4533447.9453125
32360,2782403.6147693456
13040,2444807.5179036455
2410,937156.0141369049
1471,647404.0208333334
15388,805452.2569444445
13599,2567284.776041667
5617,371916.7872670294
10486,2744369.408854167
8668,5078750.0
3286,3768682.974516802
9702,1087640.234375
12388,2378878.171875
10555,2585199.980208333
12787,3719506.8669394837
210,714023.3271059783
10763,2716995.9077380956
3709,2307341.877480159
1541,864287.1875
1728,1017885.2072977278
519,1520040.5208333333
31813,1272639.5480685765
9789,420514.44692460314
3334,1387301.40625
5261,7804928.71875
12043,1747890.625
10649,3951162.9062500005
6721,2267045.9873511908
1488,1373061.8236320969
10878,1595774.0638020833
9355,4631933.836399429
12676,1088963.0416666667
6130,3607001.625
13150,1161568.736737744
196,2593121.009199135
2738,3034118.5308398204
44558,4956912.946428573
6623,1777374.3051908265
16019,2135705.7291666665
13161,1793822.6686507936
14290,744974.4921875
9072,1312473.0026041665
11261,2108606.5507192467
53199,3155483.6640625
31908,938412.2395833334
12207,3129371.0937499995
2643,2042355.4758184522
10791,2968310.8828125
2336,415337.375
14195,1475941.484375
50297,6053787.202380951
13309,1332568.3806211147
12445,3042825.4313327335
5611,1651470.21484375
11550,4736314.453125
53131,335873.5119047619
14211,2216440.859375
6296,589072.65625
967,1112467.4427083335
2899,3719239.9587673615
10330,1967317.7083333333
2172,1570210.8020833335
12090,5895960.9375
9616,2132619.084821428
44652,2604033.333333333
12782,2922104.724702381
7636,5292530.859375
10890,3645739.990234375
11204,1948717.286402833
32989,2527526.0416666665
53816,1436631.295014881
4458,1910733.0572916667
13611,3065243.9177827374
11944,4396999.664181305
1713,1996636.5513392857
12962,7368154.761904761
51681,350258.4635416666
53580,2185457.03125
12461,2691070.3125
6551,4818175.195594335
3510,5052750.0
12538,2659402.7355023455
2059,2251474.565928863
12756,812109.7931547619
5090,2422620.7708333335
6555,2010678.9716360024
7814,696157.3877728174
5038,3441997.9110299423
12743,6134611.979166667
1655,3170868.8746366478
9257,3373884.5238095233
6205,4013078.9375
701,1626922.59375
523,855996.6796875
53836,302432.865203373
969,3749281.2034970243
12508,1263229.7878382034
10664,651973.4312996032
8492,3539230.3488727743
11102,3696109.671006944
52910,442004.2317708335
14363,3042825.4313327335
8484,2880953.645833333
6801,3495284.914663754
7656,3908968.2291666665
8158,4724285.063244048
10973,3279683.305989583
7403,1593340.2903645833
31474,4834554.6875
9795,819308.8151041666
14955,2807775.072150072
12269,2735624.925595238
3943,1301885.8549107143
32095,2832292.4010416665
9097,1648709.359375
9188,3730343.75
9951,1446368.3937186804
16095,4013078.9375
13996,4087705.3285256405
8137,3051346.386805556
5774,2969085.768229167
9700,571687.5
37149,2800085.9609375
14612,1089875.9864267674
2644,3145718.936011905
37414,1300055.2078125
53489,3491298.752170139
38145,565110.15625
11716,5240262.37807635
3051,1451729.5572916665
6140,1603823.3586309522
2026,1346617.2265625
31215,2809292.4869791665
8816,1017885.2072977278
31308,1800000.0
15540,3240309.891666666
31672,2973703.178687971
2911,2575001.3020833335
12721,2033695.3125
11925,2219226.5625
12026,2432476.5625
9070,1538628.90625
5565,284276.0713722042
2502,5055759.374956641
52947,3644033.578125
8319,1446368.3937186804
10916,2526003.092447917
11201,1929595.5390625
10482,941533.4739644721
53899,277392.14171245426
129,1756406.1513573227
31989,1823648.1644007035
6779,3610319.986979167
10574,2016953.2890625
5508,1484464.453125
5004,820579.2875744047
11160,2305923.6171875
13374,1161568.736737744
11612,2653985.0260416665
10989,4003985.9075520835
14039,1282809.4177740666
9354,1201834.8723958335
10219,502513.7291666666
5267,1424027.0096190704
11729,779212.3697916667
6880,618561.8754509379
31222,1100032.453125
10153,3131692.1875
9265,1370172.4468005954
4840,2386976.5625
1594,1352326.8229166667
7918,2912808.0208333335
6616,236456.58887553422
13670,3253966.362847222
53092,334526.0416666667
16111,5023839.333333334
6201,2041171.875
16472,417361.74665178574
6622,804324.21875
14491,2334032.123286206
11450,2716995.9077380956
31270,1808828.125
15280,1840934.890625
16106,933489.3973214285
8168,3225549.4791666665
31575,1799550.2232142854
13802,2930767.0213993904
12511,2329650.0095486115
6357,1944560.15625
453,934094.5312500001
11924,5658606.145833334
4613,2404594.217848124
14661,1483582.1510416667
6143,1976192.7083333333
12155,1312919.350207705
4116,1678949.3722679694
2664,1590043.9453125
4384,1771396.09375
12451,649554.8208085318
10927,3597433.8727678563
7735,3582394.609375
1886,1170858.7239583335
1734,1256562.734375
1804,303921.4453125
1034,956118.1298363096
31742,1965544.921875
6353,3882312.5078125
2556,1527431.5842577561
53720,463482.3288690476
16806,4610320.804061259
32391,412381.23139880947
10865,4684281.1015625
32562,1678949.3722679694
54273,982212.5
6792,2043164.4616518652
53115,305153.785342262
11017,1738600.7414434524
32108,1169855.6202400222
31747,1381152.4057539683
13109,1963907.2770833336
33254,2860753.125
4846,1845827.34375
12490,2099557.3586859023
9452,1088282.2296626985
9517,1800000.0
7753,1345139.359375
8148,1022778.2877604167
52912,534689.109375
9276,1584041.6666666667
11736,1478936.5684237638
182,1079702.7348710317
12139,1709240.7283452628
10148,4530546.875
34870,1416100.5285122863
1357,1446368.3937186804
8349,2030425.67578125
9254,1865002.184039409
11333,3531442.013888889
1042,1987492.506256764
693,5877501.973214285
8924,1842170.7589285714
10592,3326539.581473214
12634,1359863.4375
10037,2517509.466445014
16181,2716125.8912528437
9946,870494.4816468252
53011,1378636.71875
53116,689320.0520833333
53457,1742614.5833333333
32540,2043164.4616518652
10822,2263685.7957589286
6724,1357270.84375
12561,1489185.8517857143
6985,829738.7152777778
12468,1756646.6703869046
15802,601118.9095193002
53662,1185484.4609375
54024,3324439.0625
872,2074516.40625
7802,2316432.2916666665
13271,2334032.123286206
31455,3342754.9626302086
1175,3633541.911458333
12436,2601538.087797619
15398,3480820.987280948
8847,1884256.939806548
7306,2216486.9296875
7895,2461256.5085565476
16020,2887161.619869172
52764,2669514.4088541665
15748,1782574.8612689395
14436,1427494.1588541667
15222,7400000.0
11305,646070.9728422619
9811,3042825.4313327335
3178,1807281.2246347405
5287,2765101.047971125
3868,5356539.65625
31213,1740088.755208333
14540,1242868.5756561144
12618,3042825.4313327335
5424,2036710.0012400793
5036,2538717.825520833
8926,2655457.961309524
16537,2597035.2343750005
16551,2297680.9581755875
12200,603448.7242647059
1650,1236327.2030946484
31550,2266880.3261625525
9619,3001791.6666666665
9523,1300000.0
14420,2712882.8125
7497,2716995.9077380956
53937,380777.72597824037
6302,951141.9161458333
53368,340214.3229166667
13875,1432556.7604166667
11653,1706549.1432291665
4948,1460909.3984375
11324,1778205.0941625652
3263,5354682.04985119
7806,263636.8489583334
2234,1568452.1000974968
10980,1756406.1513573227
31469,4530468.75
4441,2851995.6276041665
1092,5835469.953125
1980,902371.09375
9605,686759.7543515513
8929,3660526.0416666665
6217,2925051.875
12509,1740103.7578124998
14393,1876686.4583333333
5039,2609366.2408854165
10479,651990.5133928572
14043,1446368.3937186804
4689,2578695.0520833335
32379,3560546.875
4499,2656200.0558035714
10497,1990623.6458333335
4498,2048052.6041666665
4931,3008776.726174694
9880,3567239.84375
10922,1703933.314341908
6196,1354963.5416666667
9725,1479816.5931231547
15399,2305630.3516580258
7992,2169863.823094165
9600,1300000.0
11752,1998512.5
5444,1845185.4092261905
11006,870494.4816468252
3878,4924070.877604167
7811,4097425.78125
15212,3104293.6197916665
16456,4329016.398965618
202,8350062.3671875
42728,4081023.286545459
7751,369734.48988970584
12635,2852412.5
4298,1724324.0457589284
32461,2780458.072916667
12860,1765777.34375
32,620164.3229166665
12605,2100000.0
10315,3578060.640625
13382,1187912.5434027775
11196,3278023.893229167
33349,1591551.8787202374
6700,1027343.3776041666
12211,2534533.1938244044
51490,1160672.265625
1781,1249440.2901785714
51386,3567965.625
12781,941533.4739644721
6135,1798875.8060515877
14137,4425901.560245311
14279,1543461.2917410713
3890,2809882.03125
6230,6701750.0390625
2914,2814746.2946428573
12260,1728902.34375
12943,2404687.5
11147,793187.0096049784
4067,71259.375
15152,1888547.7699383947
5784,2464790.2942708335
16467,1675753.4895833335
14256,1598852.421875
7392,817830.2135416666
9894,844556.2369791666
39433,5019330.357142857
7885,2882871.4051339286
10873,2334032.123286206
12112,1744948.3854166663
31931,3034118.5308398204
7219,1900793.9453125
10992,3377555.869605654
3267,1422935.4166666665
53185,2909411.40625
1412,4068752.33984375
7557,1084034.8958333335
12715,1798875.8060515877
40041,896869.171875
1621,2216486.9296875
1707,281630.6483458519
32929,3495284.914663754
12540,1659439.236111111
13060,2949029.46875
15137,1134430.4743867244
117,849868.2819729343
7828,1813048.7265625
1568,3452341.953125
13189,1648308.59375
3356,1625123.7502127048
12905,2174595.5822172617
52948,1908101.8509114583
53755,289435.546875
4191,2157430.859375
5521,3329108.1845238092
12496,2656200.0558035714
14321,2169620.442708333
53474,850140.1320684523
8393,3974973.491178959
32481,826142.0984375
10380,919251.4350480248
7372,651062.890625
7797,2511775.223214286
1347,2169863.823094165
54288,2852169.25
11378,2470919.8315238897
2753,918810.4334077381
1619,748427.9479166666
7577,1988891.1210317458
8490,941533.4739644721
11630,1778813.9661458333
13282,1470822.544642857
14774,2822779.482886905
8921,1100957.8515625
7906,2346211.9140625
12997,3342754.9626302086
12633,1618451.5792060262
5441,2977353.489583333
46325,531541.3735569983
14167,1589027.7395833335
7307,1758018.3531746028
9341,2582595.8705357146
11214,1756406.1513573227
1613,2389152.8273809524
33440,1160360.6770833333
12750,4329016.398965618
13180,1195965.7302150973
5705,2914630.189688783
1156,2858788.265625
12129,4531229.1953125
53466,811555.926983173
16723,645776.2864583333
33463,2916496.242559524
16261,2892893.888411459
6953,3160047.018229167
13222,2264275.8924851194
12558,1534132.4877232143
32270,1404205.3571428566
14145,938412.2395833334
32197,3459622.826667885
13752,4132986.8689574315
15411,1784157.5520833333
10848,2391674.192708333
53362,465457.3567708334
4140,870578.4155620444
48852,1853779.106370611
42480,1470950.583400974
9158,6132239.172512514
13601,1229813.7908098851
10928,1678971.3541666667
12977,2613795.4765625
10207,1557102.1205357143
6562,3884695.371685606
1363,5240262.37807635
2830,1100897.9724702383
6026,1761919.6148686379
33376,3690730.5
3202,2692570.68452381
13463,2707390.6249999995
6229,626385.0859374999
7714,1203307.6171875002
16791,5741084.09375
13235,775470.0494791667
3649,1937050.78125
3723,3686914.0625
33018,1648308.59375
267,3104703.7760416665
12745,1694878.1875
12967,1027823.9583333335
13049,3029523.6328125
15552,2008589.9088541672
14015,2023200.9516958739
11548,4008263.9508928573
6138,1065708.2916666665
13129,2270682.375
426,2348733.59375
10510,3593600.419710346
15521,997161.2760416666
12543,1794638.2721354165
6358,3597256.4598214286
12682,1917617.1119791665
4759,2936138.9508928573
54287,1214132.8124999998
700,442299.6712239584
2661,2311686.5625
12284,1592880.0
31822,3115883.976624504
11904,2669637.369791667
6889,2592628.424148424
11536,1703933.314341908
1784,873227.5338541667
11165,2933420.4434244796
12516,3945101.71875
11045,911378.0159970238
5011,1720407.8311011903
1544,1930551.90625
6459,1597560.6355650004
12272,1323629.7005208333
1172,2334903.3385416665
14549,1027823.9583333335
14381,5469337.761780754
2568,3002561.278521825
11933,3516375.535714286
53928,242412.23958333334
11312,806508.9285714286
4192,1605156.1197916665
2145,1065187.2829861108
6693,1688970.2744047618
14779,835989.0104166666
2159,2675458.6145833335
54087,2090496.9322916663
11818,2016310.0104166663
10063,2162804.513888889
2847,1711500.9765625
12742,1464771.3541666667
4439,1972743.6041666665
8332,695000.0
1727,1102696.3541666665
3525,1065085.910217999
10662,1312919.350207705
11434,685435.7738095238
9782,1854337.2395833335
11073,3005209.7200759314
9107,1591480.9765625
4452,1159935.3515625
12947,2042762.8581349205
53563,3299391.734375
3973,393034.640625
9074,2162486.932291667
11564,1597560.6355650004
43458,1446368.3937186804
2219,1893618.3350694443
4111,4050134.5987258176
5710,1718042.96875
12988,2580834.9062499995
16171,2110256.1014356734
2897,2386865.2880973197
11529,700037.7173123037
32283,2582595.8705357146
8433,2009800.4869791667
12551,5198311.451388891
12034,2019282.5902777775
11771,3066659.84375
14424,835892.6212459415
1236,1661697.421875
10781,2113835.9375
14232,2060509.0580357143
8650,4660398.958333333
11386,704691.2456033551
12968,4288898.479166666
13947,2233218.75
9089,2302451.4192708335
3859,2659697.1328125
53917,303349.4824709094
6286,1868444.5479892862
3206,1688102.6041666665
10234,4358547.662541579
6058,593387.3077876983
14141,409431.97544642864
1536,3599394.7265625
11758,4919539.891183036
31995,1837901.0833333333
5186,2688626.3020833335
6288,951141.9161458333
1959,837611.4375000001
15148,384378.75744047615
212,2277281.6942415223
11360,906272.6446834414
4385,1272204.6502976192
7980,993511.4376938166
4750,3211274.2428300856
32000,983027.8433779762
12335,3024090.8203125
3542,3333236.604944813
7998,1915846.724972097
12443,2111932.480496933
32475,5790627.011904763
10143,3111062.4999999995
13121,2484722.061011905
45802,6985882.8125
15421,5855486.6171875
12495,2875381.2256324403
89,2159553.864366077
6369,2001385.0130208333
14508,316971.0930345696
14475,359682.0684740607
4186,870578.4155620444
13307,4427944.119188538
53840,502132.9520089285
31648,4291177.459157987
3445,2117577.5526280706
7039,2523889.6200873777
3192,938412.2395833334
5629,4780068.185720529
13384,1359672.9200757574
11979,3164216.4296874995
16733,1698934.8828125
11572,1360860.8785962302
12435,5249732.888520701
54110,581016.5587705799
10334,1112467.4427083335
53990,2655046.8984375
7390,5940567.708333333
13017,2011521.7817460322
15039,1948717.286402833
11099,2242625.25
5630,4425901.560245311
16448,2862052.34375
8917,3342754.9626302086
10981,3390249.231119792
14474,281630.6483458519
53556,1987691.40625
32739,1321614.6140625
13456,2374887.3697916665
36406,2812355.8802308794
51384,1741338.7734375
11688,2867225.1953125
10741,1411154.6979166667
13755,1145481.8121810022
5536,3500441.8948846716
9640,1658536.8671875
8317,4112418.9918154757
1647,758923.5231547522
54077,3013760.9453125
14229,3488894.9661458335
884,2282846.4781746035
15585,1941091.987993114
7375,1894128.578125
3886,2252128.005952381
1416,1972743.6041666665
16522,3275498.697916667
6036,2701356.3683035714
8073,1526615.9949218747
3885,1852884.453125
15229,368460.7644959208
31752,3675677.070950623
54187,407579.2291666667
11174,1349538.206845238
11150,2110722.5446428573
49823,855104.1666666667
6468,2127786.40625
53093,751963.5416666666
14034,703261.3359375
13858,5977945.5546875
8832,1873141.2866443454
32454,1312919.350207705
13596,2481816.356646826
15022,1353968.3948863635
9090,4464094.512908965
51594,2263079.9293154757
31720,2716995.9077380956
16107,2800085.9609375
35165,848372.65625
11251,3126448.172851563
13117,2063411.6732616343
31554,1686811.0611979167
5172,2001261.2410714286
7564,1304778.90625
15514,393311.94196428574
6805,1476249.8020833335
11007,6053787.202380951
9350,1102049.609375
15800,2730333.891369048
9792,1010224.609375
10656,1948717.286402833
4461,2369593.75
53473,1078799.7395833335
54275,2681605.5546875
7815,1291745.1348039214
12565,1695282.015625
15041,735205.828125
53130,998098.4635416667
7640,1130848.5505314108
13311,1868444.5479892862
11323,653654.5104166666
9018,5516267.216796875
15483,1591030.8932291665
51684,422742.96254960314
4614,1186500.4836309524
16739,6380857.183221728
16087,5438990.888020834
32103,1075162.233280602
13354,2838679.6875
15217,389546.1681547619
9450,1827832.03125
14305,1646053.6458333335
275,4765728.158854166
7496,2082103.4244791665
4606,2288979.5833333335
54207,3190913.6328125
11960,7088849.21875
6885,1597560.6355650004
5103,1801084.5457927487
12556,1126576.3571428573
11275,630192.7083333334
9012,1300000.0
54195,2091630.46875
13981,796698.9392361111
5418,1948717.286402833
2257,2310840.5182291665
4668,1908044.921875
3545,2334032.123286206
259,1266683.7445323775
14904,1332106.880749459
53541,1609738.9296875
53847,3644033.578125
9690,1300000.0
13517,2737908.2604166665
9980,2316432.2916666665
14196,5571623.279389881
33371,2206548.6897321427
2333,464111.4869791667
15813,2545542.8199404757
15465,1853779.106370611
6457,3278023.893229167
42903,1344535.4931351608
11079,2334032.123286206
8602,1758018.3531746028
12699,2307569.3872023807
12093,1192766.9270833335
16435,6211506.197916667
7297,1984790.7366071427
1659,3008776.726174694
3526,558389.0438988095
48026,1815650.8333333333
13535,1002679.6875
105,3891281.7967622653
15358,3009941.0625
10074,1703933.314341908
8651,1834967.362673611
6875,2169863.823094165
41114,2331572.151041667
6232,2223194.484485894
9691,2044434.151785714
6388,2973703.178687971
6617,4419805.924479167
12829,1779554.4029344192
31453,4619633.59375
14979,1548167.3041801949
3862,2539926.2317708335
53378,901732.7083333333
44289,2909192.398313491
9003,2205241.5457589286
15571,1852486.6041666665
15550,877834.53125
4035,1048531.1139294737
2670,2991408.34375
11026,2293175.234375
10919,1663215.4116499817
2322,1668465.59375
4776,487864.4114583333
8849,2503229.1666666665
53377,410993.4895833333
13261,4467226.302083333
6299,1141923.374627976
11951,1249316.1197916667
9887,1759229.6573660714
8224,944690.3645833334
46890,823817.34375
12660,1571947.4322916667
11303,341435.546875
6303,1158773.4375
15474,1241582.7393353174
15532,870494.4816468252
12030,847337.5395329496
14176,1756646.6703869046
5128,2558067.018229167
3434,3719506.8669394837
16738,5658942.1875
13014,4043073.6276041665
6216,1268877.2135416665
11587,1446368.3937186804
6194,1435292.89921875
7641,2789932.7053571427
4058,3597433.8727678563
14611,2100000.0
3374,771567.3363095238
3543,1170706.4732142857
10578,1970403.4609375
6723,898810.5638020834
3,2998559.0546875
2046,1107027.34375
7664,2972944.8727430557
11025,2475143.2291666665
10761,986085.9374999999
11466,5592094.642113094
10779,3270007.5598958335
11895,2169863.823094165
2414,1678949.3722679694
14334,2083060.895269097
31555,1065085.910217999
11985,2895416.015625
53667,2394032.03125
32566,4299813.020833333
11635,2091292.7864583333
9369,930085.9375
15327,3601171.875
43,1078571.7447916665
13600,3116949.611979167
14623,785393.1796875
7715,4396999.664181305
7556,2950465.60546875
5116,899612.9817708334
14620,200451.4296875
14959,804694.5684523811
15478,1618451.5792060262
5791,1064600.3067167206
53037,1825565.1041666667
10813,2638193.355654762
31754,2441097.28276487
7482,2072636.1796875
12457,1107463.1547619049
12213,1798830.453125
5342,3459622.826667885
9699,1463929.8828125
9344,1060032.5260416665
13593,1869803.0572916667
2507,2166200.319010417
6733,3683012.3229166665
12864,2769371.09375
16609,1107769.0210979278
12185,2993895.2504960317
2505,3495800.9163622838
53129,2494212.9609375
8995,2329774.0130208335
2340,2396882.574404762
6438,1436466.6113591269
8308,1006575.0298746391
14319,941533.4739644721
53478,2485565.557291667
713,3377143.0859375
12979,1463866.5085565476
11995,4573410.3125
1737,1506176.2177400698
4448,4489762.046875
16724,3749281.2034970243
3780,1179842.4595283188
4772,4182089.7265625
5796,1641021.6115915335
53834,533445.3125
6384,1826259.296875
8591,1260120.0729166667
11053,2159553.864366077
45459,2469568.14391121
13299,2043164.4616518652
2151,1115153.4598214286
16015,2295583.5546875005
53552,1266633.34375
9637,1639640.190972222
11116,2830584.635416666
6061,1045695.5729166666
10400,539847.4609375
3436,1084034.8958333335
33083,1617300.1614583335
11595,2108225.2890625
4783,1850711.6138888886
11325,2708655.287312514
11152,2741359.765625
3363,1964272.3489583335
13547,878175.4051339286
40473,2810028.859375
54178,1799935.15625
5030,1516868.1537811146
5290,627416.9858630951
459,2020201.0463541667
15364,3156979.6875
15038,2034584.2056164313
13308,2349097.890625
6211,6216925.967261905
15445,2955825.438988095
14494,1541240.6994047621
53442,125490.37239583333
1171,1513606.1875601483
4446,3446661.2265625
7827,2548372.8515625
1228,2765101.047971125
433,2029861.10562376
12357,1862664.2175099212
2928,2616621.5625
9978,1646068.1685718792
13935,2791672.4107142854
11462,2433540.625
16194,1300000.0
7901,2269199.347408234
4436,2748986.85515873
1433,2426294.3125
11342,4108317.4609375
14722,2741389.59375
9893,1864049.7897727273
11179,3003972.135416667
15150,1738906.6500339939
53739,293765.787055826
11437,6380857.183221728
12531,2992731.3738839286
15368,2235015.625
7836,1143893.097137237
16526,1469510.875
1719,1860276.4322916667
14447,893253.4249441962
13740,5759630.432291666
1889,938412.2395833334
11549,2681378.52734375
626,750930.8779761906
11728,1933644.8489583333
1162,1213713.6354166663
3098,2704179.6874999995
9885,3806258.0174479163
590,1623323.6458333335
6131,749824.21875
53276,510930.9895833333
7833,533445.3125
10558,2685505.1080729165
6383,1218564.449032738
11072,899042.0834855248
16381,1426680.1
12046,861181.6837459414
10316,1100404.9479166667
14958,1871770.9573412708
857,1597661.923363095
6360,3042825.4313327335
32354,1853779.106370611
1349,1055645.2734375
54191,305153.785342262
15207,1756602.34375
9282,3004421.875
53922,412381.23139880947
15402,2267946.1015625
13156,870035.5568910256
10734,1532513.9508928573
12246,2537360.234375
452,640762.7473958333
31401,4633671.254960318
33167,2076238.28125
5438,4142424.0885416665
3964,1589356.7578125
54277,457209.6354166666
8992,938412.2395833334
8566,1692612.0088006612
1153,618561.8754509379
2920,2884231.5104166665
1246,487864.4114583333
7986,4631933.836399429
15289,1519597.0610119049
9808,2604845.833333333
13533,1490001.953125
42,1352326.8229166667
13927,2758427.34375
7314,2599780.255456349
54167,5781918.2109375
5777,2909192.398313491
13664,1914413.0390625
2052,265968.2849702381
1131,2146181.7708333335
12757,1246223.084077381
4196,2287996.281901042
31389,3070955.8932291665
12683,3504414.856770833
15598,5079081.737500002
1358,1000296.875
14409,2923685.9453125
14471,2644186.328125
2985,2470919.8315238897
11699,1401841.046085425
16555,735454.4773391812
91,853861.2330729166
6137,4960789.0625
36,2534533.1938244044
3599,1100315.3602031649
9462,1597560.6355650004
710,3559877.3270089286
2227,1130578.125
14422,2945840.451388889
32281,1303824.640625
3889,1593341.6990778316
9001,2090729.453125
3512,1213720.1692708335
5198,983915.3645833336
15035,1547106.8529040401
9026,1808337.715322872
10771,3191264.506121483
11220,2674347.8270427496
32090,1186500.4836309524
13971,1768169.265625
4496,789514.16796875
9961,2034994.89133397
10803,2302766.40625
13546,1515206.3041125543
1882,2137872.3958333335
2241,736085.5625
6206,966435.2678571428
32202,1170706.4732142857
6292,4576862.502604166
5620,3065243.9177827374
15640,6748845.641121032
5104,2130264.4569145218
4213,2175416.6666666665
8255,2019437.7549533804
53664,2068185.4453125
17,1850580.4773065478
9165,2159843.75
44015,1065085.910217999
7989,2432476.5625
33373,943110.15625
7898,1456300.812251984
4211,575999.1588541666
6213,4683408.265625
54084,1967317.7083333333
1330,1148336.6380208335
8755,5700111.78608631
15225,1708467.4479166665
54088,1854445.9427083335
33189,1979977.8645833333
12069,351599.60937499994
15454,3008776.726174694
15829,1804290.4479166665
11946,1585522.8697916667
12879,2224599.65625
31565,212069.26153273808
1410,1446368.3937186804
14648,4082664.267113095
4372,2441292.9427083335
11495,2812784.4296875
53760,3060949.0729166665
53721,976603.515625
6810,3477251.202876984
7394,1252832.4032738097
14518,1963959.0104166667
2831,982811.71875
13321,1846747.1640625002
15365,2402351.5625
10312,1823893.6458333333
4684,1010156.0639880953
3529,1529461.1742424243
6533,1603556.6510416665
10670,794393.4523809524
6144,1348645.1432291665
1043,3495284.914663754
11547,1332568.3806211147
16082,2705317.708333333
2470,2043164.4616518652
846,782646.3095238095
13364,341435.546875
53542,949829.3921130953
42459,2882425.7758821044
9511,1300000.0
6615,1678949.3722679694
31655,2682031.25
9617,1688102.6041666665
11318,2113506.839657738
9800,1658536.8671875
5286,4298428.914835164
3428,486233.22916666674
51391,2257548.046875
1386,1432038.4114583335
280,1282809.4177740666
11843,1157571.6608044736
15371,1693550.2604166667
14657,1352072.5859375
516,1779779.4642857143
14314,4946294.642857143
11253,1065085.910217999
13216,1901015.2864583333
2822,1447277.0461309524
2401,2222046.75
10066,4251458.59375
11237,2395948.2046875
3270,3495284.914663754
15808,4818175.195594335
8830,1188828.125
6037,5019330.357142857
12850,2111304.6875
11531,2786023.1119791674
8156,2307569.3872023807
12797,3214332.877604167
53272,1302055.5286458333
8432,1014147.1635830468
15395,1836457.0847988818
10795,4194322.916666666
1720,321135.0911458332
10224,961160.15625
15135,877545.3125
6376,3738830.261904762
3968,557455.734375
12526,2606654.3359375
11027,1537690.8203125
9439,4218041.53218006
9519,3359491.1666666665
977,1157209.5546875
16452,738606.1328125
7300,6272876.9375
3368,1420804.1498410443
12675,3287350.3836805555
13154,2297776.119171627
14075,2632458.469928074
13179,2716995.9077380956
11978,3283939.261476372
9073,1029937.8020833333
9957,2843718.75
54260,442004.2317708335
53394,219138.671875
16469,812585.7638888889
40752,2812377.883184524
13258,1752089.1020833333
6799,4394414.080512153
11028,1051945.4166666665
31485,3070955.8932291665
14795,1999754.828125
9603,2355247.9947916665
16200,2641837.890625
14668,1949760.9375
33179,3662966.8046875
4449,1466439.7135416667
10762,6233896.94940476
10642,1419330.9409340662
4128,3623357.3359375
13330,1345795.3984374998
4996,1582007.8125
3528,1183621.5601604278
13985,1952439.8510819692
15029,1146013.5018031653
5848,3495800.9163622838
14142,1758018.3531746028
13249,979854.9098470971
5511,2639966.4248511903
6379,1625123.7502127048
32638,1745580.0223214286
12418,831277.0338541666
12849,5565880.3125
10673,4464847.765625
1094,3638227.08953373
31462,2492731.3046875
10660,1489293.3619791667
11817,988329.3828125
10787,1161568.736737744
53486,1181144.0
1376,1304580.5208333333
11816,1661473.828125
2252,2432622.7678571427
4577,2716125.8912528437
10216,2814746.2946428573
11389,2805707.03125
5608,1686690.3746279762
12070,870494.4816468252
5255,1190821.4366319443
4938,2451828.140625
10235,1909891.9270833335
12833,3548646.028645833
12398,4214051.339285715
2147,2152444.03125
2827,2741946.0159429107
11245,3130804.2561383927
39709,2331572.151041667
10977,1692612.0088006612
10326,1678949.3722679694
16802,1682029.0331196585
13388,1887253.1276041667
11943,4047390.625
13194,2249167.0319940476
14845,1756034.371922756
1397,3259140.5043154764
13229,1250049.045138889
9874,1556812.7604166665
12836,1231884.1145833335
2658,2271422.991071428
5539,2409027.200520833
14981,3314907.924107143
5040,2210681.225855655
31383,2320798.8046875
13178,2004804.8046875
6307,2490541.40625
15558,3253966.362847222
41130,1306429.627719156
13304,2656200.0558035714
14792,3101608.7239583335
7393,7485599.330357143
5935,3173265.420386905
12240,970869.6536458333
12004,835892.6212459415
3952,2117577.5526280706
15818,1730981.1941964286
52941,2736507.8125
13113,1740670.0520833335
13668,2043164.4616518652
53551,3000898.4375
13132,736085.5625
13523,4080756.2447916665
8077,2874605.46875
14971,4004002.1484375005
13750,2687952.9232491446
32477,2078798.3849635602
5624,2434854.0018389793
9897,2305923.6171875
12389,2887161.619869172
5627,2534533.1938244044
1411,5329062.5
12425,1072246.71875
5365,2576587.087391775
2233,3283939.261476372
11018,2190308.5807291665
54011,1505703.125
4691,3118174.4791666665
7572,2339063.8802083335
15502,998528.9349702381
32478,2418016.9588242704
11313,3297624.2682291665
54297,447370.3497023809
12964,1242738.396964147
7387,2711719.3016210706
11225,4142538.5974702383
8732,1137930.46875
51674,284391.07643816166
3794,924006.7966517857
7223,2451641.1391369044
31539,2024645.0148809527
12771,5120117.187500001
48655,3607075.390625
12492,2171439.62109375
7309,2372176.84375
11103,1942541.8340773813
5101,3742753.9062500005
5779,1244411.2604166665
11301,1783104.749720765
3426,179333.96577380947
14190,3810908.7421875
16518,1403908.3515625
15281,1520829.4270833337
53490,1015977.1205357143
7626,991256.48046875
6,1329085.6015625
51397,1503414.0625
31556,1853779.106370611
10953,3825147.5446428573
6904,2740239.546875
9367,1236241.875
31268,1145968.75
11607,3140859.9386724387
11753,1647799.2001488095
8340,1951064.92578125
13515,1663215.4116499817
53454,1882871.921875
1030,1661697.421875
33438,2166674.3241567467
32289,283272.74902181147
5610,2977806.6039862917
6293,3994535.9002976203
53835,393311.94196428574
3532,5341265.625
8912,3185386.296875
33159,4459982.9055059515
3961,2345307.8125
14456,1089875.9864267674
13220,1947539.5390625
14574,1417656.58984375
9528,1830791.1458333333
13114,3954794.8583333334
4422,1597560.6355650004
3179,2960053.2921875
7391,1347912.9561011905
10386,2120920.6953125
6305,983027.8433779762
8066,1729329.1480654762
14903,2223370.8854166665
7822,1759000.5182291667
54209,2495077.6796875
32981,3786595.238095239
11393,2936138.9508928573
5037,1987590.2157738095
15614,1167939.2265625
2755,2408046.3005952383
9705,2694140.625
3250,2007207.8125
12426,4706561.66640625
5864,3178199.941659903
13749,1565262.8782242064
4305,2147782.03125
14853,487864.4114583333
6789,5112027.864583333
11648,995319.6614583333
1484,2260946.5234374995
11317,2537360.234375
5185,2271422.991071428
12520,449957.421875
31472,14570318.046874996
3514,2334032.123286206
15375,1515206.3041125543
16792,2337302.734375
11640,2630136.71875
1885,1404929.2677808302
6816,3433883.2589285714
4221,3483491.1061776225
10484,3847930.6953125
15418,806248.9910263347
5354,4702844.105654761
15397,3480820.987280948
8252,3642846.4739470608
5344,1312919.350207705
15345,1482864.0625
12910,794016.015625
8823,1756406.1513573227
13289,1226790.4895833333
14439,1810679.5572916667
363,2010678.9716360024
14529,1857858.1666666665
6145,1235107.2823660714
8331,1268877.2135416665
53392,1298496.875
7565,3084272.135416667
11471,3135474.8968479424
31283,609942.78125
4056,3483491.1061776225
7554,4112418.9918154757
7990,1371850.4619295637
7717,1419330.9409340662
14898,2160171.8828125
1166,1518404.7395833335
13595,1017885.2072977278
4208,2105269.3936011903
6973,1658109.8195424376
12664,2275751.9453125
7643,1945889.2126881373
32728,1630281.3430059527
293,1271072.265625
14063,1446368.3937186804
12307,1338906.9322916665
53380,1285019.53125
15028,5074263.0234375
1114,1312919.350207705
15437,2612387.6183035714
8413,2185350.538825758
14103,46396.4564732143
11248,1910234.375
15206,3049569.9322916665
12687,1844779.7064393938
6056,1076733.0078125
11628,2645127.3906250005
4045,5402523.30785534
16444,3690710.109375
3954,1843304.7077486315
261,2523716.666666667
53477,1459046.7578125
12186,1396607.2363591269
1662,3618359.375
16807,1472169.8958333333
10744,1597560.6355650004
31630,1988891.1210317458
14577,2703497.0106026786
12367,3527747.8567708335
10137,1371873.0875
10982,1508332.0182291665
8905,2701356.3683035714
32023,2466582.8125
32738,4018323.745535714
276,1305516.4591650688
15534,824683.4682765151
11197,1518789.3725198414
2649,2737908.2604166665
5263,2592628.424148424
35789,1413262.5162337662
12650,1948581.6795183984
33291,1861479.8177083335
12653,1758444.6648403674
8500,1964896.484375
12326,700726.5625
11644,2603291.220238095
10817,969099.375
10154,3666797.1333333333
10882,2478454.3587053567
11115,896849.6651785714
4049,1802243.2291666665
53358,1961704.7109375
31816,2976718.7911914485
13084,3555075.3125
15208,1710992.900545634
53722,306656.0639880953
53297,651553.8225446427
13609,2263140.0063688285
10758,870578.4155620444
9622,758923.5231547522
1973,1593341.6990778316
11574,3267183.0438112747
33198,827361.2429202741
41111,5726932.031249999
51499,3096023.586309524
13094,1843880.546875
11080,3354425.9010416665
4375,1646053.6458333335
13464,2199152.8359375
7900,1078869.0476190476
14498,1075162.233280602
14010,1600428.53125
14177,1275215.8854166665
13064,1453077.9765625
8674,2418184.244791667
44089,3325226.650651042
7493,725446.1402529761
31724,2745492.2421875
1027,1824810.9700520835
12118,1542983.6484375
13731,903671.2301587302
32983,3392718.4375
3109,1213844.5833333335
6129,1895407.9698040676
14323,7084607.6171875
15603,2434854.0018389793
13358,2126319.521577381
2770,2553296.7786458335
9356,2311686.5625
54081,1331806.25
2764,1886138.6546396315
14858,1276690.4761904762
13259,2462014.619791667
31217,6266911.716863867
13951,2601538.087797619
6202,2489849.950396825
31668,2417181.672303519
12288,1683824.8606601732
14157,901803.3854166667
13219,3273667.157552084
15081,1506176.2177400698
52942,1313652.8645833335
53927,604621.7447916667
5091,1756034.371922756
53925,280806.5476190476
1593,1355601.953125
39154,1593341.6990778316
3003,580294.4553299539
10069,2217921.328125
6959,994877.90625
6817,1165038.3096590908
974,1458827.0032051282
6951,2265542.5960131446
11658,2446261.643229167
11326,322870.1352250181
1963,1723138.5974702379
2245,682003.7890625
6866,685195.5572916667
2154,3671795.3125
7658,1139546.0182291667
33449,1207175.8104166668
41661,2574007.03125
54263,572676.8973214286
53458,1089921.71875
31468,651214.0625
15517,2098587.98828125
2571,1137175.590401786
52930,1072131.25
54030,3124077.994791667
8685,4015043.75
10983,2256265.6804687497
51506,3179644.53125
53280,310072.9166666667
10832,1195661.2068452379
9375,394630.1510416667
8238,1741711.6197916667
6544,941533.4739644721
10582,2968803.515625
11044,2223929.57421875
16016,2553296.7786458335
6806,558628.765625
606,531541.3735569983
32183,1393714.973958333
15232,327462.0907738096
14160,1113367.1875
10239,1397327.7678571427
4589,2632939.3601190476
9778,2042717.0770089284
11205,4938546.875
6454,1058015.3307291665
54210,2044588.21875
2647,1318170.8854166667
13506,1756406.1513573227
2567,1205393.2524801586
8005,998566.7241612554
14123,2499229.6875
31306,1188828.125
16612,715870.5357142857
32462,565094.6521577381
16445,2334032.123286206
10241,5240262.37807635
12267,1260971.8370535714
13328,3427092.5416666665
12731,1065085.910217999
13266,1349488.28125
4209,3900783.854166667
9175,2399386.71875
3183,2024985.9209800614
11030,565887.1133207071
288,849868.2819729343
1332,1538157.3660714286
13195,3024090.8203125
7155,3583067.283653846
46520,6320362.077083333
2030,189225.2604166667
6966,3349615.0677083335
51469,1892920.6796875
52857,681350.6510416666
14342,3578060.640625
15149,2807775.072150072
53087,369734.48988970584
7982,1922367.1937003972
6291,5397304.6875
32290,1798875.8060515877
6727,1513155.0625
13974,651990.5133928572
31398,1757859.8619791665
6621,893128.2058869951
7408,1542347.4739583335
4598,5344783.854166666
33452,1478997.3209212662
7747,3350650.4375
2319,1414764.353918651
3205,5748796.651041666
12585,708795.3125
9110,2822779.482886905
15516,1825046.875
4435,3085227.8750000005
14184,1305516.4591650688
31291,2020294.2708333335
10737,1406839.5147343974
1079,2470919.8315238897
15435,1929182.2916666667
4052,2346211.9140625
52829,1047144.3452380953
12143,2363636.4350818456
6233,2716125.8912528437
1609,748361.0863095238
5772,1446368.3937186804
42494,3260890.078125
207,6883562.5
11209,1372876.9713541667
31370,2776514.6119791665
13062,1461082.746832161
13751,2126464.84375
702,1928244.2038755522
13450,2678199.898189586
15297,3440277.34375
11833,1367285.09375
12195,3555075.3125
13536,1185008.1225198412
16729,653654.5104166666
44993,4163385.9375
51600,876651.6927083334
1037,746063.430059524
14121,2706694.3046875
9781,1407765.5629960324
12384,6621593.098958333
15590,1186500.4836309524
6111,718432.8125
10040,2925273.6066017314
5361,2397916.6666666665
8840,1235765.4017857146
6538,3283939.261476372
52932,3089342.8984375
11671,1119471.3681175595
103,2334032.123286206
6705,526837.2395833334
2773,1745580.0223214286
12274,2163644.7885044646
31905,2036710.0012400793
9179,1256202.2135416665
6722,4362494.140625
54203,1987691.40625
7627,1641021.6115915335
6377,1247546.0689484128
2758,1300000.0
6200,4237553.2265625
4383,1246635.375
15549,4690544.521484375
52853,2439598.0390625
1490,5354682.04985119
31830,2708655.287312514
31570,1267762.0833333333
10121,543393.625
33020,2191049.3489583335
9112,2622606.5104166665
4203,1329002.9947916667
16616,684218.1919642857
9358,1238838.0416666667
5098,832538.5416666667
712,3307561.312624008
1701,3126013.020833333
6463,440253.90625
8141,4688789.0625
841,1840235.7421875
4835,1146013.5018031653
2840,1451664.9635416665
435,289340.4947916666
13868,1298480.4791666665
12767,1165942.1875
9877,1075162.233280602
1033,1614461.2803819445
8918,1845927.0833333335
32271,765373.6666666666
12222,3094689.7061383924
14056,2000928.3854166665
1167,1300011.261216518
130,2099957.490699405
11829,910109.375
11913,1597560.6355650004
54280,284391.07643816166
125,758923.5231547522
1256,4046840.7890625
11219,1548167.3041801949
11500,3250099.9366518897
13529,1778205.0941625652
7238,3541255.90625
15349,1257144.53125
32284,279446.8098091145
9269,2791672.4107142854
12694,1801084.5457927487
12921,2251474.565928863
7647,2099557.3586859023
2983,1523949.0299197326
47672,1663215.4116499817
11567,7400000.0
10217,1031447.5446428572
8422,2470919.8315238897
8493,850686.8675595237
1371,369734.48988970584
970,1836146.36359127
3050,600531.5104166666
11136,1840462.611607143
1975,1993664.0625
14723,2190308.5807291665
14451,354146.48437499994
8568,695000.0
13944,2404594.217848124
2563,2238522.697323401
3113,3042825.4313327335
14559,1538445.9682638887
12255,1703933.314341908
53661,1831355.859375
12049,2099557.3586859023
936,2512105.561755952
8934,1436901.7857142857
14618,2527043.24156746
7284,772810.625
14419,1075162.233280602
9247,5571623.279389881
8761,1890753.4427083333
15839,1339536.8385416665
16070,3307561.312624008
6525,2668845.8359375
5534,4137370.0572916665
14348,598858.6738782051
52844,496548.1545364358
13170,5496923.466796875
6780,3374248.638392857
51567,3986578.132812501
1571,575999.1588541666
10948,1805792.484375
6977,2711719.3016210706
12128,2362635.140625
53631,179742.1875
5169,3223671.2135416665
10800,975255.9895833334
5087,2570741.527777778
11468,1475551.796875
15291,1738567.2855790043
10560,534275.3906250001
5974,3661792.799302651
12504,5354682.04985119
2849,1442164.3725198414
1712,618744.140625
54204,1490189.453125
15806,5977945.5546875
12548,3684396.180989584
32532,2470919.8315238897
11195,2237701.7454117066
3976,1638844.208333334
5878,4329016.398965618
2057,1660025.390625
12385,1625123.7502127048
8903,2370023.4375
15431,2215948.541666667
33182,2870732.844848139
52840,541929.3898809523
51400,1586050.625
14639,879166.7317708334
16198,2807775.072150072
5420,3040511.6171875
4273,1860253.328125
14522,805090.6171875001
11425,3688727.5895228884
4356,3797448.6421130947
32538,846827.5979662698
12662,794864.442393544
11139,2083060.895269097
51327,1066967.218874008
12992,4188761.875
11101,1752336.0840994683
15325,1758018.3531746028
6041,335104.8177083333
14437,2830504.4022817467
4026,867930.0572916666
9545,2778147.116815476
8323,2424346.5169270835
12985,1487269.5859375
11435,2410987.7232142864
53381,3606495.8177083335
4112,5033314.476102941
13683,2117577.5526280706
14062,2977806.6039862917
12652,2657719.877401245
4354,1730091.1458333333
11111,1932974.8883928573
198,3086361.447916667
1127,3982984.375
7317,3034118.5308398204
16197,1236756.541180174
1602,1793321.7695932542
5782,4427944.119188538
6984,2219350.54296875
7837,1950947.3360840552
1792,2685505.1080729165
33279,4017763.309583334
8899,1758260.4817708335
287,1881471.657986111
5173,2420203.631944445
6375,786459.8958333333
5034,797380.3943452381
31751,4763660.46875
3795,630833.6666666666
31466,2576587.087391775
2474,4610320.804061259
42668,2243859.375
53718,275818.2663690476
16084,1658109.8195424376
12590,1545917.1875
7385,1414178.8683159722
12584,2403745.182291667
12648,1177305.875
42276,3069803.648958333
14235,2363636.4350818456
15283,2382311.432291667
13176,1446368.3937186804
12554,531541.3735569983
32370,2098587.98828125
15809,995167.3828125
6284,4813463.879870131
3797,1230961.3541666665
10840,1514734.34375
13525,3377555.869605654
3001,5238606.770833334
5684,3714942.9249751987
12173,2734544.270833333
1312,3424299.5377604165
8327,1312919.350207705
1387,684218.1919642857
12886,1098968.265625
8245,3130804.2561383927
1144,2463167.1875
428,1556096.3962053573
31371,946470.515625
341,4024969.6223958335
15099,322870.1352250181
12880,1175561.2624007936
10769,1390215.8560267857
3354,2015460.921875
12945,2697877.644047619
7490,1714216.6732141122
5515,922286.1979166666
5673,868556.5286458333
3009,4961092.708333334
2994,3362911.7421875
4418,1768169.265625
10568,1498556.640625
131,1416199.8138020835
6309,2205335.2158203125
11727,1749462.9760547068
15192,1756034.371922756
32113,3362911.7421875
46523,2081275.390625
13873,1625296.875
12656,780699.5766369047
14265,685435.7738095238
14238,2671015.625
12843,2522335.6053571426
8478,941533.4739644721
12095,646073.2269345238
5450,2791765.1650573816
14553,925905.3385416666
613,1900889.3601190476
19,1567053.8736979167
5520,1098677.3411458335
11702,1729629.4270833333
2509,2271422.991071428
12319,1228920.814732143
4680,3524225.0390625
9436,1011905.9895833334
10556,1626573.429001554
32453,1170706.4732142857
8931,1911889.8046875
11339,1904249.8027146463
14449,549556.7213541667
5208,1246704.8723958335
32537,1057167.5
11841,921181.7708333333
14773,961161.5017361111
15360,3008776.726174694
3450,3241355.4687499995
7575,3811263.020833333
15509,2725448.8567708335
9164,2928194.010416667
2385,1730125.0248015877
32117,782646.3095238095
5285,2159553.864366077
8682,1281803.109375
5275,1424027.0096190704
1960,3186490.3828125
31365,1849934.078359957
32457,1516098.1770833335
16079,1610051.5803857602
11545,3410635.96875
15468,2512105.561755952
16260,3025567.1744791665
33464,916162.5248015871
12382,1477800.2604166665
15491,3544823.1169871795
10471,2592628.424148424
51502,818196.078125
10300,3468229.8177083335
2562,2169863.823094165
1046,3994761.6197916665
54206,295244.453125
53932,3502022.65625
6944,3112743.177083333
10841,2708655.287312514
7899,4140687.5390625
11271,648899.1195436508
12567,2150039.6041666665
12430,1745580.0223214286
54019,2527820.5182291665
12299,4396999.664181305
13019,3691326.5625
1968,3250099.9366518897
1608,793187.0096049784
12802,3937355.46875
10391,2003734.9640376982
10675,1798875.8060515877
849,4514287.9296875
12638,1763218.3854166667
11584,2639966.4248511903
1799,1430147.619047619
0,1535899.3782692999
15414,469382.8125
8985,1120742.1398809524
2163,2181782.8125
3706,758923.5231547522
7380,4464094.512908965
9194,4453639.166666666
31293,1022444.7395833334
14263,1330678.3854166665
13208,2635313.956845238
4420,2716995.9077380956
9948,1424341.6932291668
15543,2891437.5
11090,2904795.5264136908
13127,5346055.812872021
10229,1079325.9396081348
6446,4427652.671875
1184,1061017.5104166665
54296,1610888.4661458333
31286,1699062.0208333335
7201,1702406.550595238
12428,2292790.940625
13076,560088.28125
5856,3059083.6574449856
6887,513904.9479166667
7032,670562.8295510912
10751,2851573.9296875
6950,1106858.203125
12152,1423699.0834686146
1427,1536556.9096128033
1139,766473.3072916666
11939,1637935.8072916667
15511,2922901.9878849452
1636,1591030.8932291665
32022,4206589.879493464
13539,2186130.247395833
12033,3496449.413442459
33009,2817772.479792907
3337,2413183.796626984
14255,704691.2456033551
53499,2567.447916666667
11491,4898460.9375
7727,2316432.2916666665
7648,3836570.8333333335
11265,1794575.2730654762
9625,2132619.084821428
10661,2737247.903125
424,1928396.0937500002
11112,1715630.0037202383
8089,1802571.986607143
12785,1450808.7642045454
11577,2099557.3586859023
3888,1617300.1614583335
1324,6352022.9148065485
8138,388628.2552083334
1590,3573687.7959280303
31549,1570638.90625
13242,2473297.390625
5866,1361284.2447916667
6811,4110004.1510584247
5952,1798437.5
31397,2912809.895833333
10591,2792058.59375
123,1339146.3932291667
959,1578341.584077381
4950,1985589.4717261905
53123,1854443.7578125
1706,3669437.5
31736,2958068.1496540178
10933,2705317.708333333
46683,5249732.888520701
48851,2305723.9208333334
14718,601761.78125
5277,1824975.234375
12463,2319632.03125
12572,5125374.984375
13166,1674138.2536695078
13445,4730762.955729167
52818,820332.03125
1098,1548167.3041801949
14000,2145808.0572916665
1547,2393849.3125
52909,279446.8098091145
1425,2605870.703125
2659,1416100.5285122863
12581,1564277.5085565476
7737,1658109.8195424376
7652,2900173.9453125
11919,2169863.823094165
6117,4281386.359375
5522,3860312.6354166665
53105,1481589.84375
14796,1486507.8124999998
11938,2903689.2213541665
1783,2117577.5526280706
10939,2941707.8124999995
12019,2034584.2056164313
15488,1591030.8932291665
12000,2048731.4453125
11284,1117075.0
51572,2753605.46875
7974,2771430.5317167207
11198,1185621.09375
16447,2169863.823094165
11162,3770772.1354166665
12477,3412320.703125
13027,4502318.351190478
54098,266941.28224206343
11377,1344535.4931351608
5271,1309922.6799242422
12158,1266914.7786458335
2165,3140296.875
13530,2977806.6039862917
9969,2655457.961309524
11957,2964834.6354166665
4386,2466613.6718750005
13086,2005611.3046875
2988,1217288.0952380951
7285,2078798.3849635602
4291,456904.57589285704
2331,1669593.7500000002
13124,1208815.203683036
13190,3317308.338541667
44829,456904.57589285704
9614,2132619.084821428
10937,5457660.15625
9437,1562857.849702381
8401,695000.0
4675,2638915.2942708335
16371,3510253.9062499995
1584,2558438.9648437495
7890,1385498.7723214282
2039,1559943.6875
6553,2263140.0063688285
53642,243007.44047619047
51575,400908.4635416666
2578,3480822.1726190466
183,2253507.3266819986
10864,1548273.6809895833
33362,870578.4155620444
1869,391990.4010416667
7820,1924236.8750000002
53632,621826.4322916667
13058,1616236.0491071427
8586,1576841.2078373015
1472,2163682.03125
5453,1597560.6355650004
16614,1365300.0
1942,733716.2046130953
8427,316971.0930345696
33454,14567349.296874996
3696,3174014.376674108
11230,1188828.125
8264,1816070.3125
13509,4323544.984375
11931,2679935.3670634916
8828,1640981.908110119
9425,3065243.9177827374
4041,5592094.642113094
12793,2043164.4616518652
7206,810033.017113095
13209,4393547.65625
13010,2708655.287312514
4576,3114011.6116522364
11417,5451602.982691592
4300,2098587.98828125
45968,3145718.936011905
34271,1003736.4405776515
4272,3614693.822916667
890,2287544.53125
1047,950075.3964026422
5698,1182540.7552083333
6453,485801.171875
6563,2158142.6510416665
10991,1745580.0223214286
8258,1255321.5933779762
3517,1285842.537797619
15616,955144.921875
13158,1716944.3626339287
10945,4464094.512908965
14386,1229813.7908098851
940,3495284.914663754
12238,1027910.2928321679
39804,4697621.768973215
1354,1597560.6355650004
6115,1158397.0703125
361,3314907.924107143
966,2822779.482886905
1157,1964729.5052083335
2989,1130848.5505314108
32549,881993.1119791666
12703,2172606.169270833
6136,1506176.2177400698
5351,2598432.2606646824
9701,1870695.3125
5612,1258613.6346726192
9634,1758018.3531746028
32027,2909192.398313491
12550,3571315.2140827924
16097,1755730.5509052577
12179,2828394.389012897
3648,2702756.9754464286
12157,1121863.28125
5439,2258128.984375
32105,3459622.826667885
16552,2938244.6640625
53659,281630.6483458519
11959,1659774.6536458335
54001,4052792.96875
2416,4244751.8203125
9248,700037.7173123037
8827,3939870.703125
9256,2022263.9727295265
14341,1916653.0257936504
53187,2479849.1953125
14318,3495284.914663754
10214,1822815.0568181816
12580,2063411.6732616343
54118,300054.12946428574
104,2930767.0213993904
33091,4141652.34375
10794,873168.8098958333
15429,951497.8101325757
53940,2067326.7109374998
5276,3493328.315104167
12481,2739157.78125
1709,2266726.5625
5690,3500441.8948846716
15482,2363636.4350818456
270,2089649.734375
521,1853779.106370611
16446,906368.375
5528,2130264.4569145218
8061,2675165.224665179
13089,3825147.5446428573
943,2704330.6152343745
14210,1749003.9947916667
14496,1641021.6115915335
2152,1065187.2829861108
5021,1833523.4375
10126,5201930.147058824
32448,3671681.25
15547,2828551.0416666674
5192,2066720.6101190476
7404,3034118.5308398204
1093,2048709.6938363283
8232,1773048.1328125
10146,1444458.978856647
10405,403617.1875
11634,3730222.65625
14373,2196653.034855769
11679,1650960.7514880954
3419,1242103.235479798
1327,2456570.221211591
1785,3786946.8359375
10044,3480822.1726190466
3602,798481.25
132,847631.9940476192
9542,2576587.087391775
7286,1734052.2395833333
4934,1646068.1685718792
7217,2251474.565928863
1638,758923.5231547522
6361,1470942.3802083333
16463,1723742.07421875
13023,2656200.0558035714
6964,2782411.4583333335
12667,1575292.8484718406
9772,870759.1145833334
2236,1065085.910217999
31632,649554.8208085318
10944,2656618.125
10392,1370327.6599702379
6786,870847.3567708333
10887,785341.6484375
3260,3675508.1901041665
8345,2308277.731119792
451,758923.5231547522
13244,2470919.8315238897
12932,1883540.9375
14041,1778205.0941625652
11929,618561.8754509379
538,1749462.9760547068
11741,1683824.8606601732
11980,2765101.047971125
53569,369368.58470305736
12164,3081452.799479167
12047,3593600.419710346
12960,3696357.122159091
32742,537472.0052083334
1703,390917.96875
10420,2339063.8802083335
4664,3688727.5895228884
12212,3253966.362847222
2471,2872330.078125
10410,1236600.0409598215
456,1391198.8467261903
33431,1661800.5208333335
184,1513606.1875601483
12306,2028192.265625
16073,1212210.3422619049
14191,920381.339310516
53735,368710.9374999999
100,930188.6875
40863,1946441.40625
7644,2832677.5965401786
7749,2130264.4569145218
14455,1685445.1692708333
1722,705316.796875
256,2867733.6875
13369,2233742.8125
10039,468697.0145089286
1311,2256130.753125
8670,774422.2183779761
54292,6577169.921875
5433,2436132.574404762
3972,657863.8072916666
11063,2190962.9065290177
939,2302451.4192708335
5259,1161839.3177083333
11213,2037516.8874357415
14802,5566472.3671875
52831,464901.6927083334
2027,1269497.4725096954
51599,1329400.078125
2909,1689223.9583333335
9713,1999067.2960069443
1045,3825147.5446428573
2729,3421360.3746899804
8836,3250099.9366518897
13136,2664051.7630208335
9017,2790464.6484375
10068,900465.7254464285
13878,1609718.75
31395,3554843.191964286
10332,2585861.9791666665
7303,2255430.573976371
52918,1731848.7578125
53196,1807737.265625
9720,2567038.736979167
8237,5810771.019345238
1554,1538471.5208333333
9524,1654972.5546875
2306,2498195.712425595
15513,4916140.6875
8241,3069803.648958333
6554,1311649.5416666667
12736,565887.1133207071
13746,975096.96744228
8596,2598450.0078125
15436,2892121.102864583
1342,5013490.753645834
33265,4017763.309583334
15423,332319.6056547619
11331,2308379.9322916665
12995,2642503.108010913
8243,3925304.2421875
16176,1734175.7161458335
31491,1868444.5479892862
5764,2342483.75
53730,852651.8229166666
7069,618561.8754509379
2848,1389635.546875
34532,2312492.898065476
539,2617954.984375
6777,3757718.9765625
1148,1071007.2747564935
7716,1175561.2624007936
12374,5346055.812872021
6018,780265.6901041666
5541,3206501.8824404767
14397,2169863.823094165
622,5802739.0625
1319,3500441.8948846716
15194,3412146.2950520837
3290,3633940.3831845233
6619,3884695.371685606
6221,1597560.6355650004
8743,2834724.208984375
9020,900465.7254464285
6978,2747877.984375
2229,2705260.90029762
12711,3373891.926339286
1129,2043164.4616518652
2681,3877570.3359375
3518,2028470.7403273808
14020,4396999.664181305
8502,2342483.75
15469,847219.5312499999
16524,4112418.9918154757
12489,2316820.1435267855
31833,1678949.3722679694
9273,1305516.4591650688
33090,2235588.244791667
1050,4606497.9775883835
11404,991029.8597357502
13211,5485907.2265625
13946,1941789.0625
5366,1844860.035342262
5204,3319662.28125
379,1688603.8984375
359,1370467.7545657468
15301,1819408.2508203606
9077,1352042.96875
13359,7804928.71875
11539,743488.28125
2254,2311686.5625
12400,1151176.1223958333
53365,1530338.9479166665
7379,1703933.314341908
9779,2215103.678857601
14615,350258.4635416666
10320,613344.494047619
9898,1075162.233280602
2744,1703933.314341908
11498,1199385.0299777475
1265,3772185.0703125
2663,1483781.2816523751
4365,2166674.3241567467
12602,1677300.78125
2677,1745580.0223214286
5591,1930430.3046875
1345,726183.4609375
115,758923.5231547522
13286,2547866.1396329366
10070,531541.3735569983
5282,1359696.6108630951
8155,2989966.2174197333
15273,2092160.8976190477
13344,882973.8165584414
14847,852405.9151785715
14462,5129926.760044643
7883,606659.9576822917
14284,730177.3910984847
6123,277392.14171245426
15438,1075162.233280602
9794,1143893.097137237
5957,1720407.8311011903
5851,1312919.350207705
16188,2326562.5
51480,787502.83203125
4039,1629194.7684151786
31476,3900783.854166667
10318,1953257.0859375
427,2427680.3385416665
31726,3688727.5895228884
12948,3997265.625
51388,1308426.8465909092
12861,2817840.65625
8748,3094689.7061383924
8374,34714.322916666664
7389,2052196.4285714286
11048,2390911.4583333335
9189,1740923.5955733147
8898,3789919.277033731
3251,5548916.180989583
30,2858400.6328125
14217,1484935.214285714
3698,2426578.53125
16178,2043753.90625
13747,5079081.737500002
9620,866117.3363095239
2217,695050.5208333333
53177,2924169.283854167
14413,667987.55078125
3199,2606690.60639881
8235,2307569.3872023807
10572,3248315.625
32001,2805174.784598214
3271,1589027.7395833335
6549,1875863.28125
2754,1195612.0434427988
1121,1803421.875
13745,1625020.8485524892
375,2347702.151041667
8665,1682896.7436981422
11277,1649392.96875
10308,2099509.4320312496
12820,2428453.8457961306
54002,1855295.6321022727
32372,2195512.0442708335
11035,2866413.0615530307
12588,1065187.2829861108
10677,4818175.195594335
2150,2100254.098958333
13800,3294663.3184523797
54076,2976236.5885416665
13744,651973.4312996032
12882,1091960.15625
7738,549452.2864583334
12182,1826458.9518229165
12008,870578.4155620444
867,212688.40215773808
8758,3633182.5390625
12642,3661792.799302651
11364,2034584.2056164313
1735,2306267.8736979165
12344,2494177.6337326895
53758,959954.613095238
51300,256054.6875
9196,3912949.694270834
14310,2334164.0625
4672,1703933.314341908
10786,2620884.8385416665
14029,1161522.1354166665
13267,1064740.625
1314,3403551.3020833335
5443,1161568.736737744
10972,657141.40625
14895,2599780.255456349
53634,652960.9375
32459,2169863.823094165
14857,1836457.0847988818
9431,4541125.77734375
9815,2433540.625
12040,3757689.5833333335
1811,281630.6483458519
53127,1090273.4375
1982,1714216.6732141122
2652,2972992.1875
14065,649206.3169642857
11226,1477565.984375
13994,3598265.609375
10814,3593600.419710346
12300,2303290.34375
7821,3489458.6171875
11940,2588059.895833333
12354,2556792.964725379
5964,2495921.09375
2565,749824.21875
14410,531541.3735569983
9543,5440247.916666666
286,1930761.6666666665
8595,3208234.375
6310,2426578.53125
12037,4432187.5
3876,2771430.5317167207
3283,1576841.2078373015
13368,3487163.411458333
4582,773541.6666666666
39528,1678949.3722679694
6142,1220981.0963541667
53109,805082.8125
12247,4020217.987614791
8514,695000.0
12054,651214.0625
12224,1599498.1640625
12149,2737146.2920386903
14266,2264275.8924851194
687,2235549.3241567463
9812,1642774.0178571427
7229,1568653.8825757578
3451,2554466.6244791658
11273,508458.77356150793
12953,1756034.371922756
4362,3549528.3515625005
7205,2215948.541666667
51584,2137519.996279762
15826,2516888.7254238822
8738,695000.0
7560,1292556.0677083333
13142,2034813.0286458333
12216,1087209.772779304
13055,353443.26636904763
6474,6297026.041666667
33180,1058572.0546875
33005,4512315.104166667
118,950075.3964026422
6613,1010151.2223307291
11509,1282809.4177740666
15425,2762341.9608134925
53537,3141194.0703125
40401,600591.2954545454
32558,3042825.4313327335
8826,2297949.494047619
1264,2232615.4999210862
3725,2805174.784598214
31553,3799902.6536458335
53211,2209136.09375
31203,369368.58470305736
15512,2271422.991071428
2503,938568.6417072511
12381,1117075.0
9016,1051279.609375
1616,838590.3413698932
12604,3206501.8824404767
12252,3572862.2395833326
14951,2215657.552083333
11760,1853779.106370611
6790,1853779.106370611
32733,694591.40625
12165,2990098.2451636903
12539,1529695.0416666667
12198,2264202.473958333
10770,1702092.734592014
12818,1250049.045138889
7050,2813631.5104166665
15803,895305.8035714286
11183,4038006.322916667
12356,1548167.3041801949
3893,1198007.257446113
16532,3019611.1886160714
8581,1991816.4912956147
1329,315388.2378472222
14448,4101717.30078125
5442,2667020.463396196
13505,1189262.1959635415
52820,1587000.668402778
6471,1679281.25
14329,1678949.3722679694
13073,2042606.4973958335
14483,1212592.693114177
16183,1236756.541180174
5005,6704186.875
16112,2106523.311569824
3105,1840462.611607143
95,1781384.8180465368
11084,984443.609375
6046,1169855.6202400222
9347,1153780.4166666667
14530,279446.8098091145
12402,1118358.0729166667
8507,1597560.6355650004
4939,2908835.0539434524
9103,2141329.8828125005
8673,695000.0
51472,280806.5476190476
3788,2680329.09113456
16617,827381.170138889
42940,3032314.4097222225
4954,1672153.0412946427
1945,3208641.943576389
12416,2507871.09375
8239,1423047.3586309524
5631,1048531.1139294737
14787,2179273.344494047
1649,4178500.0
8325,695000.0
15405,1700858.7239583333
53998,2972992.1875
3358,1420804.1498410443
42634,1146013.5018031653
10588,870578.4155620444
1493,2117577.5526280706
11170,5249732.888520701
13274,3667400.390625
13968,1802571.986607143
7237,2169863.823094165
1341,1451151.4732142857
11069,2973703.178687971
5209,2865253.821990762
1729,2023038.2812499998
11974,5468738.878348215
49124,3178199.941659903
51394,823507.9861111111
9339,1329482.71484375
2741,3688727.5895228884
12670,3547836.796875
12875,4967036.210317463
14032,1162271.484375
12578,2463167.1875
8686,1312919.350207705
956,1896014.734375
14982,5790627.011904763
9454,1554837.9464285714
10587,1788687.5
52921,307594.3844853829
10301,380777.72597824037
5951,4329016.398965618
31,988669.5498511901
15448,1637968.525235615
1654,2623882.8125
11446,2006182.734375
14274,1914493.5150049606
9176,4087705.3285256405
7561,1937522.6692708333
31460,1798875.8060515877
14021,2157815.755208333
13514,3294246.8359375
6270,1130848.5505314108
9532,2389641.4953125
1983,949064.1674107143
32104,2828837.941592262
1598,1778205.0941625652
2043,1425227.8645833333
8855,3333236.604944813
5019,2536182.7790178573
7991,2835665.7879464286
31211,1065054.6875
15456,882676.8229166666
14108,1770108.6548000611
8683,966758.125
1607,1332106.880749459
2221,1360860.8785962302
8265,16428.645833333336
705,4013078.9375
4037,2500456.888020833
11423,1945643.90625
1323,6271343.005952381
769,1770482.3148561507
10144,750869.494047619
4389,2171664.0625
9721,2738925.188988096
11129,1354777.5394345238
39,3259140.5043154764
1469,1437499.1328125
6894,1272948.9756944445
10792,1161568.736737744
5334,3495800.9163622838
2929,1263183.6718750002
5102,4946294.642857143
11947,1416100.5285122863
7122,3212579.5820932537
12784,2977806.6039862917
7131,1586686.5078125
8505,1980638.40625
15036,1065085.910217999
2842,3024440.876839528
16533,533632.4404761904
11693,2427411.584635417
33456,531541.3735569983
7813,1227296.6145833335
6534,5249732.888520701
7979,1034019.0911458334
7972,570058.71875
514,1451838.1067708335
40411,1650666.3046875
50128,3077482.7008928577
9263,2043164.4616518652
8676,3583067.283653846
12929,1197003.125
53645,390917.96875
178,1139322.0394059066
12692,2576587.087391775
33068,2104723.624131944
14588,1125245.6753064645
10837,5060923.394097223
4859,4856216.796875
2412,1308801.36328125
8986,3504774.4140625
5358,1482621.875
7665,2678199.898189586
6702,991446.875
11449,2605870.703125
14538,1016933.4635416667
3507,3046478.125
10573,2090315.921875
4453,4097916.921875
11065,3687753.255208333
11712,3811263.020833333
5530,1310057.7213541667
441,700037.7173123037
32533,5199153.6171875
32191,988669.5498511901
431,1342108.6569940476
11923,1772746.234375
15751,6437959.403645833
4935,3213820.135732323
5203,2071415.1398189485
10929,2614277.05390625
10829,2781803.182291667
1235,2781687.5
7221,2316215.140625
13171,2374887.3697916665
12928,3032327.7421875
7388,4266629.767361112
6442,705001.2526041667
16201,2249529.110863095
12132,2247131.7890625
368,1832211.960565476
3115,2678199.898189586
3052,2796589.584077381
11002,1310802.6041666667
12161,1282496.1510416665
1668,4537449.552083334
13362,1625123.7502127048
15086,730177.3910984847
8487,746063.430059524
12981,1022157.5520833334
14402,1515206.3041125543
9949,2100000.0
1500,1802571.986607143
16021,1867767.8736979165
8151,1459163.8560267854
7976,2835665.7879464286
14352,1969179.6875
53832,343006.01438492065
758,1143893.097137237
1432,2129682.018849206
4106,3450660.5468749995
6450,725446.1402529761
9536,1065085.910217999
4290,870494.4816468252
15323,1196758.2217261908
16354,1734052.2395833333
11678,1800000.0
5284,1661697.421875
14850,3077482.7008928577
1086,2867415.9973958335
14548,700614.125
629,933203.4133184523
51392,2055464.8515625
3590,339874.77301344497
11448,3387054.036458333
11173,2191049.3489583335
40481,1453077.9765625
15157,1803603.2265625
1367,1991816.4912956147
7810,3317308.338541667
53539,3727146.109375
53824,537162.0163690477
12438,4296400.07078785
52842,369734.48988970584
7977,1757776.6328125
7128,1871770.9573412708
1091,2334032.123286206
13372,1087579.6875
54294,2262744.875
8588,2748245.5103452005
2469,2753289.453125
10589,700037.7173123037
9635,1945682.738320707
7728,2363636.4350818456
10412,2647083.3333333335
14126,5446243.5625
16796,2556792.964725379
10594,3159280.8255952382
32747,2727027.5807291665
11158,3747457.377604167
14181,3369317.125
31542,2043164.4616518652
12696,3350314.99960543
520,2210770.44629329
11190,1839509.8882440478
32185,1169855.6202400222
10416,3483698.4375
6274,2534533.1938244044
33187,4170679.036458334
15492,945603.2714505546
11767,3535725.8359375
32007,2973703.178687971
7152,876627.6041666666
11100,1997145.5807291665
2024,1226949.09375
7567,1749357.1354166667
5446,1250049.045138889
7144,1933127.8723958333
2761,1744044.3870907743
7921,1865002.184039409
13939,2386865.2880973197
32199,2535212.4765625
7745,798650.28125
1708,526891.9270833334
14016,2048709.6938363283
7667,3112920.15625
4433,2475141.989087302
31481,4638249.559895833
32089,2582595.8705357146
33361,1075162.233280602
11887,977400.53125
51494,1967421.771205357
11517,1386924.2473958335
5332,1208515.1145833333
11390,4633671.254960318
2596,2481816.356646826
6698,402260.9375
11066,2202873.5278273807
9430,1300000.0
1419,1188828.125
54169,1189123.6979166667
4132,2463167.1875
15594,2599961.867559524
14327,2003734.9640376982
12730,5700111.78608631
12766,1966112.6302083335
14082,2007635.2926587292
13003,2043164.4616518652
15088,3700002.5963541665
9632,1297007.1154756702
31277,2807775.072150072
1787,662812.109375
6374,910933.59375
12901,2194788.544270834
33350,4081023.286545459
4031,3040359.4375
51676,215807.2890625
688,2031340.130490876
1612,446130.5648561508
7130,4993322.971354166
8341,1104357.0625
13174,1693711.7782406274
2320,2710166.6666666665
4292,1477800.2604166665
11171,2034994.89133397
5694,1585960.6421130956
11215,2837321.09375
15609,1678949.3722679694
12172,749859.7916666667
1698,2517509.466445014
4766,1136492.9166666667
10936,1518789.3725198414
8564,950075.3964026422
44991,3925304.2421875
32179,2727072.721526469
5787,3400738.988058036
4353,1743097.8828125
32032,2613378.457589286
681,4067112.6550099202
16795,4298428.914835164
9962,2920733.21484375
787,817595.4244791666
3376,2781110.867317708
32745,2281535.9002976194
15563,908984.375
1812,1987590.2157738095
15356,1499365.7924107143
6607,812829.4895833333
10952,608535.9375000001
9726,2022263.9727295265
12204,1692103.75
185,1998685.9375
3203,1815794.6041666667
4104,1341544.3848001035
2318,4266629.767361112
7628,736085.5625
7474,2218643.4609375
1971,2791672.4107142854
9333,896617.3076636905
52826,3491484.375
13186,2974407.421875
11105,2656200.0558035714
536,1953011.71875
16611,1404929.2677808302
6209,3319373.8177083335
3803,6179473.835105519
11414,1605156.1197916665
15284,571687.5
15138,1168619.4010416667
42548,2756519.578125
11922,2469568.14391121
15470,1644906.25
14239,1009429.1711309524
7547,835989.0104166666
16432,773916.890625
54300,475996.6669774517
15486,3411362.098958333
1580,637103.2760416667
12770,1808751.96875
11976,918379.2161458334
14154,2807775.072150072
12434,2003734.9640376982
53395,225701.171875
1558,2852970.21875
2834,2800610.286458333
14484,1370304.6796875
2588,700037.7173123037
10042,2925736.458333333
32121,2466427.734375
2493,6687414.0625
53575,1648078.4350198412
11159,2727072.721526469
53197,2727031.25
5279,2271422.991071428
13053,3251715.734375
14052,4801437.5
32262,1048531.1139294737
13331,3578060.640625
8008,2672743.675595238
15575,617931.2065972222
44442,3333499.3663194445
11775,4893630.962239583
6972,1658109.8195424376
53450,412381.23139880947
8907,1425140.9375
31911,2363636.4350818456
4136,2960335.6640625
53119,1195276.2276785714
3442,1819617.008470696
16166,1028011.71875
3956,1496513.8888888888
53039,222565.1015625
12765,1860895.1822916667
53385,3538543.071875
14054,1506176.2177400698
3112,460359.375
32386,249459.82142857145
9976,5043759.515625
8652,2391674.192708333
14367,2066422.157421875
12688,3295488.2812500005
4028,2055464.8515625
12999,2928087.5
6537,1829491.25
33092,1677027.34375
9521,2363067.8227306544
3866,1394838.8488681456
53357,2965315.7734375
53209,912880.859375
190,1889374.9609375
6277,4004654.078125
1875,1059665.3645833333
11444,1678949.3722679694
12235,1660105.7578125002
14438,1538304.6875
9197,3304596.4296875
7808,1420740.3738839284
4109,2482344.247395833
13241,1296866.5258538416
11738,2355731.9765625
8491,1084422.3090277778
3049,1027910.2928321679
12576,3178199.941659903
7040,941533.4739644721
14708,2127379.4642857146
6029,2441097.28276487
5693,2582103.851010101
13268,1852884.453125
32186,2024985.9209800614
12926,4784974.49453125
51651,279446.8098091145
430,765731.25
10836,813529.296875
11309,3214332.877604167
8988,1236327.2030946484
13460,2787868.75
678,3178199.941659903
15164,2148354.1796875
10213,1134355.8996775793
6608,1547034.921875
9174,2435471.7287660255
2824,2678199.898189586
8928,1993551.140625
15432,1480030.78125
54276,1027303.90625
1335,502132.9520089285
16814,1301990.341517857
11537,2599780.255456349
10886,2276162.311197917
9172,1895464.097098214
1665,3381858.8169642864
14247,649930.3328125
4504,1821930.6640625
13360,2529691.4084821427
437,3787734.4296875
7055,4298640.625
6715,4464094.512908965
16356,1834967.362673611
33272,1646053.6458333335
2584,6621747.032552083
52828,2510234.375
53461,804387.2656249999
11022,3214332.877604167
16108,2645127.3906250005
33354,3691492.1875
534,1065663.109375
11316,1451690.4296875
12791,2334032.123286206
31463,3989546.875
14586,1158901.7135416665
5084,1623723.599330357
11970,2979643.5639880956
282,1139021.5401785714
13377,979854.9098470971
11489,1529570.5416666667
12821,1862993.4895833333
53096,1405860.7291666665
12935,1786939.140625
5604,485738.4609375
53668,388628.2552083334
1658,3212579.5820932537
14331,2011444.7916666667
14364,3350314.99960543
14257,532588.502209596
12444,2370023.4375
14713,3846597.65625
14297,2787868.75
15093,1658109.8195424376
12087,2718906.075148809
37657,1810419.8512286327
8585,695000.0
9345,2087851.5052083335
1365,2582103.851010101
3944,1116327.4739583333
44808,2257966.8898809524
4197,2629024.611979167
5869,938412.2395833334
508,2576587.087391775
4604,4429875.728219697
10777,4572845.244791667
10567,3300315.2901785714
13980,705534.6354166666
10857,6179473.835105519
9607,456904.57589285704
4414,1589439.07810434
15392,1434094.8567708335
15201,2073481.6767331932
615,1497745.0520833333
8405,783894.8072916666
9549,2705260.90029762
12334,1227325.2418154762
51650,3781927.0833333335
11334,848757.667443348
10476,2212769.53125
32259,2493746.09375
14719,1458147.28125
16098,1646068.1685718792
4852,3079163.7109375
11650,2830091.145833333
7801,1432770.25
32092,5033314.476102941
4054,4446610.677083333
12761,3059127.109375
12603,3108139.966145833
4355,5908981.502757353
3541,3483491.1061776225
8176,2837327.694351439
52999,1898862.109375
5933,3001791.6666666665
33446,1826468.433779762
7059,2772731.9010416665
11476,2307569.3872023807
6946,1301852.2135416667
450,383190.2962239584
9790,369734.48988970584
8766,1312919.350207705
6864,920267.703125
15044,1430658.6956521738
53456,273525.19349200843
13871,3373236.3359375
1136,571687.5
4455,1753427.3515625
1815,1310057.7213541667
11384,1334853.283110119
16538,941533.4739644721
12121,5588187.447916666
8991,718834.6171875
12723,3902614.889043899
13352,571687.5
14254,5412282.28125
14849,1747055.5703124998
13250,4643991.703125
43637,3389746.7604166665
10295,2410906.25
16014,4049209.1331845233
4432,2263140.0063688285
10383,1577990.374729437
10480,2516912.8828125
13294,1389885.5625
14856,1795706.8266369046
32536,2263140.0063688285
52860,1157362.5
8923,533235.15625
9861,817390.65625
5127,2361238.625
11598,1781384.8180465368
2982,2168312.760416667
7973,2914630.189688783
14598,2340815.7552083335
179,1178210.9375
13056,1456487.8906249998
14013,2233742.8125
51739,2107526.4609375
13212,3605048.958333333
11485,2464593.2265625
4124,659288.28125
9630,1235107.2823660714
53283,457164.47010660206
8426,2515258.950520833
8909,2425460.5807291665
11420,1296869.471153846
1862,4878398.4375
9892,1194967.9315476192
13240,3178199.941659903
12783,2263140.0063688285
14230,3192024.4729144126
9266,3744379.1666666665
14501,1272640.1599702379
1336,1385046.40625
3458,1959584.9025974025
10393,1176984.9067943394
1696,2385417.96875
1466,1394838.8488681456
780,1557732.0647321427
31725,2662229.8958333335
1379,3482135.8359375
7224,870578.4155620444
12396,1642685.4817708335
15200,2162311.5885416665
9104,2812377.883184524
9612,1323545.8705357143
1115,2418016.9588242704
10237,1087608.0729166667
855,3595282.1328125
6892,4641443.5234375
12303,3098710.5546875
12250,1392050.626240079
32534,2308277.731119792
1623,809375.9575892857
6452,1915367.1875
11222,3177110.6770833335
12759,1536556.9096128033
8,2283947.7348192325
13085,648428.2864583333
13663,960215.4947916666
54080,2439598.0390625
13120,1836960.4192708335
15593,1312919.350207705
14300,2490421.8750000005
15023,1419330.9409340662
53845,832501.2578125
10145,281630.6483458519
10653,1315656.9977678573
4839,1268095.703125
11499,1229813.7908098851
33104,2346211.9140625
31375,1716944.3626339287
10127,1466719.4622820502
3697,4356611.458333334
11998,2807775.072150072
39847,2688820.7969122026
11353,1625123.7502127048
54026,2650894.1826636903
11000,1445873.4375
6039,1424849.7209821427
12403,2004543.8926091269
32467,4230036.966145833
5695,4893630.962239583
13365,1745580.0223214286
14382,4065171.09375
9862,1001555.9895833334
8150,928103.5221354166
12294,2537360.234375
5850,2441636.71875
14294,957595.6473214286
13922,909662.2395833334
48756,2169863.823094165
10571,449676.5625
14770,2190308.5807291665
3123,1008320.7942708334
53938,2715508.7890625
13112,2690612.6015625
2500,4025276.0416666665
14899,1367663.3658854167
10501,2742340.625
14387,1678949.3722679694
32361,3768053.8124999995
265,5055759.374956641
10246,2434854.0018389793
11506,3939870.703125
13052,809938.1510416666
50919,1359075.8046875
1585,1891263.0208333335
13804,953186.328125
32564,3101608.7239583335
33435,3978880.0078125
1384,3178199.941659903
13443,4196216.704427083
5094,1706964.5089285714
14597,1235765.4017857146
15443,517367.6262499999
8511,1251237.6306818184
11830,3232481.6484375
10396,2679580.46875
12952,1988891.1210317458
13269,2620234.375
7550,1191830.784970238
6053,1404638.2316468253
12983,1315958.7745197513
9357,3253966.362847222
13970,1446368.3937186804
2330,2349585.113467262
13865,1497116.25
1782,278125.0
10752,1404638.2316468253
1502,4346565.625
14286,1455371.40625
8935,3215479.2053571423
7834,1703933.314341908
15529,2575227.907738095
9005,907616.3837031024
4688,4202671.726190476
10130,1129492.8153972763
54189,6357453.524080087
11902,2991998.046875
31812,1527431.5842577561
12387,5805947.172619048
1670,3170868.8746366478
2896,2880953.645833333
5972,5716490.880859375
15497,3110091.40625
3362,1446368.3937186804
52836,286371.4817708334
11901,1666782.3046874998
33353,2547866.1396329366
5967,1330158.9192708335
4865,1948581.6795183984
2144,293765.787055826
11427,1262490.359375
9708,1241582.7393353174
16383,3222867.125
12627,2043164.4616518652
8161,1538258.4635416665
14313,2513041.4294394837
1255,1745015.6822916667
1497,2648745.814732143
53934,2811410.15625
12798,2349097.890625
12527,5249732.888520701
8080,3575387.546875
53034,733923.046875
32469,1446368.3937186804
11089,2302451.4192708335
9550,730665.1197916666
31573,824683.4682765151
7376,5307273.4375
14349,886772.1179315477
10904,300959.6354166667
12466,3160384.3359375
3427,2676969.140625
8394,3309427.7734375
3254,2594499.4791666665
11937,1416100.5285122863
54205,2241078.408854167
3855,513780.8836129148
11563,1314627.75
9084,2977806.6039862917
7326,4171329.0495535717
7642,1146013.5018031653
31904,2333146.995907738
15831,2700927.5793650798
5370,3381856.2113047545
1130,3831068.5625
9945,1312919.350207705
13205,1051945.4166666665
32006,700037.7173123037
7234,653654.5104166666
15366,2098587.98828125
31670,3480822.1726190466
14384,5781895.833333333
